customer_id,total_spent,total_orders,total_items,avg_order_value,is_repeat,name,email
15,1904.0,1,6,1904.0,False,SUBIKSHA,subiksha@gmail.com
2,1175.0,2,5,587.5,True,Priya Sharma,priya@example.com
1,1165.0,2,5,582.5,True,Raj Kumar,raj@example.com
13,1055.0,1,5,1055.0,False,nivi,nivi@gmail.com
19,747.0,1,3,747.0,False,sadhu,sd@gmail.com
18,747.0,1,3,747.0,False,GEORGE DAVID,gfd@gmail.com
21,747.0,1,3,747.0,False,sadhana,sadhu@gmail.com
20,727.0,1,3,727.0,False,xtd,kavi@gmail.com
5,647.0,1,3,647.0,False,Karan Singh,karan@example.com
7,638.0,1,2,638.0,False,Vijay Nair,vijay@example.com
17,637.0,1,3,637.0,False,SATHYA,abc@gmail.com
12,507.0,1,3,507.0,False,amalan,aal@gmail.com
16,408.0,1,2,408.0,False,GEORGE,GER@gmail.com
6,378.0,1,2,378.0,False,Sneha Reddy,sneha@example.com
3,369.0,1,1,369.0,False,Arun Patel,arun@example.com
8,347.0,1,3,347.0,False,Ananya Bose,ananya@example.com
4,279.0,1,1,279.0,False,Meena Iyer,meena@example.com
